model_id,test,depth,slots,clients,tok_per_s,stddev,per_client_decode_tps,vram_mib
M0,pp512,0,1,1,816.17,29.63,,
M0,tg128,0,1,1,32.74,0.18,,
M0,pp512,32768,1,1,506.04,5.4,,
M0,tg128,32768,1,1,21.22,0.7,,
M0,pp512,100000,1,1,280.28,1.35,,
M0,tg128,100000,1,1,13.53,1.17,,
M0,chat_aggregate,0,4,1,26.9,,31.59,21058
M0,chat_aggregate,0,4,2,39.66,,25.55 25.55,21058
M0,chat_aggregate,0,4,4,49.39,,17.76 17.76 17.76 17.76,21058
M1,pp512,0,1,1,848.92,22.24,,
M1,tg128,0,1,1,28.73,0.03,,
M1,pp512,32768,1,1,512.29,2.31,,
M1,tg128,32768,1,1,20.48,0.3,,
M1,pp512,100000,1,1,281.58,2.22,,
M1,tg128,100000,1,1,12.33,0.57,,
M1,chat_aggregate,0,4,1,23.83,,27.34,23908
M1,chat_aggregate,0,4,2,35.56,,22.19 22.49,23908
M1,chat_aggregate,0,4,4,45.7,,15.61 15.61 15.61 15.61,23908
M2,pp512,0,1,1,885.6,27.68,,
M2,tg128,0,1,1,24.69,0.04,,
M2,pp512,32768,1,1,523.84,5.05,,
M2,tg128,32768,1,1,20.28,0.56,,
M2,pp512,100000,1,1,284.02,1.84,,
M2,tg128,100000,1,1,10.62,0.82,,
M2,chat_aggregate,0,4,1,20.65,,23.1,26426
M2,chat_aggregate,0,4,2,32.99,,19.97 19.97,26426
M2,chat_aggregate,0,4,4,43.48,,14.46 14.46 14.46 14.46,26426
M3,pp512,0,1,1,802.67,0.93,,
M3,tg128,0,1,1,99.52,0.86,,
M3,pp512,32768,1,1,609.21,0.57,,
M3,tg128,32768,1,1,81.58,0.5,,
M3,pp512,100000,1,1,440.4,2.15,,
M3,tg128,100000,1,1,58.99,0.05,,
M3,chat_aggregate,0,4,1,58.39,,94.46,24846
M3,chat_aggregate,0,4,2,79.39,,74.6 74.62,24846
M3,chat_aggregate,0,4,4,94.3,,50.3 50.31 50.32 50.33,24846
M4,pp512,0,1,1,6.99,0.1,,
M4,tg128,0,1,1,3.68,0.21,,
M4,chat_aggregate,0,4,1,3.89,,5.57,19182
M4,chat_aggregate,0,4,2,5.89,,3.96 3.96,19182
M4,chat_aggregate,0,4,4,8.15,,2.85 2.85 2.85 2.85,19182
