model,kv_cache,slots,ctx,fits,vram_mib,decode_tps
q5,f16,1,229376,no,,
q5,f16,1,196608,yes,31826,28.2
q5,f16,4,229376,no,,
q5,f16,4,196608,yes,32132,28.3
q5,q8_0,1,229376,yes,28046,27.6
q5,q8_0,4,229376,yes,28328,27.6
q6,f16,1,229376,no,,
q6,f16,1,196608,no,,
q6,f16,1,163840,no,,
q6,f16,1,131072,yes,31884,24.7
q6,f16,4,229376,no,,
q6,f16,4,196608,no,,
q6,f16,4,163840,no,,
q6,f16,4,131072,yes,32238,24.8
q6,q8_0,1,229376,yes,32264,24.3
q6,q8_0,4,229376,no,,
q6,q8_0,4,196608,yes,31322,24.3
