model_id,task,tier,repeat,wall_s,file_written,tests_passed,tests_total,numbers_match,objective_score,loc,reference_loc,comment_lines,docstring_lines,style_flags,detail
M1,W1_render,T1,0,361,1,0,1,,0.0,44,37,3,6,,1 error in 0.58s
M1,W1_render,T3,0,359,1,0,1,,0.0,75,37,9,4,,"1 failed, 1 skipped, 48 deselected in 2.50s"
M1,W2_classes,T1,0,224,1,1,2,0,0.25,58,41,0,12,,"1 failed, 1 passed, 48 deselected in 16.70s | sufficiency differs: probes 8+8x128: 196 classes, 4 split on held-out probes
probes 32+32x256: 200 classes, 0 split on held-out probes
probes 64+64x256: 200 classes, 0 split on held-out probes
probes 128+128x512: 200 clas"
M1,W2_classes,T3,0,217,1,1,2,0,0.25,53,41,0,5,,"1 failed, 1 passed, 48 deselected in 3.50s | sufficiency differs: probes 8+8x128: 194 classes, 6 split on held-out probes
probes 32+32x256: 199 classes, 1 split on held-out probes
probes 64+64x256: 200 classes, 0 split on held-out probes
probes 128+128x512: 200 clas"
M2,W1_render,T1,0,421,1,0,1,,0.0,41,37,0,10,,1 error in 0.49s
M2,W1_render,T3,0,380,1,1,1,,1.0,69,37,9,3,,"1 passed, 1 skipped, 48 deselected in 2.39s"
M2,W2_classes,T1,0,230,1,1,2,0,0.25,42,41,0,5,,"1 failed, 1 passed, 48 deselected in 10.57s | sufficiency differs: probes 8+8x128: 196 classes, 4 split on held-out probes
probes 32+32x256: 200 classes, 0 split on held-out probes
probes 64+64x256: 200 classes, 0 split on held-out probes
probes 128+128x512: 200 clas"
M2,W2_classes,T3,0,135,1,2,2,1,1.0,59,41,0,9,,"2 passed, 48 deselected in 8.03s | sufficiency matches FINDINGS"
