machine,gpu,model,gguf,test,flash_attn,tok_per_s,stddev,build
server-3090,RTX 3090 24GB,Qwen3.8-27B,UD-Q4_K_XL,pp512,0,1343.39,46.46,d59d455
server-3090,RTX 3090 24GB,Qwen3.8-27B,UD-Q4_K_XL,tg128,0,41.45,0.07,d59d455
server-3090,RTX 3090 24GB,Qwen3.8-27B,UD-Q4_K_XL,pp512,1,1363.06,29.01,d59d455
server-3090,RTX 3090 24GB,Qwen3.8-27B,UD-Q4_K_XL,tg128,1,41.63,0.08,d59d455
camel,V100 32GB,Qwen3.8-27B,UD-Q4_K_XL,pp512,0,816.82,50.71,d59d455
camel,V100 32GB,Qwen3.8-27B,UD-Q4_K_XL,tg128,0,33.40,0.11,d59d455
camel,V100 32GB,Qwen3.8-27B,UD-Q4_K_XL,pp512,1,826.51,32.47,d59d455
camel,V100 32GB,Qwen3.8-27B,UD-Q4_K_XL,tg128,1,33.57,0.09,d59d455
server-3090,RTX 3090 24GB,Qwen3.5-9B,UD-Q4_K_XL,pp512,1,3995.06,299.19,d59d455
server-3090,RTX 3090 24GB,Qwen3.5-9B,UD-Q4_K_XL,tg128,1,119.86,0.32,d59d455
camel,V100 32GB,Qwen3.5-9B,UD-Q4_K_XL,pp512,1,2380.03,317.73,d59d455
camel,V100 32GB,Qwen3.5-9B,UD-Q4_K_XL,tg128,1,91.10,1.01,d59d455
