figure,generation,model,size_class,benchmark,score,setting,release,driver,source_url,source_quote
qwen_generation,Qwen1,Qwen-7B,~7-8B base,MMLU,58.2,"base, 5-shot",2023-08-03,not_stated,https://huggingface.co/Qwen/Qwen-7B,"| **Qwen-7B** | 58.2 | 63.5 | 51.7 | ... (MMLU 5-shot column)"
qwen_generation,Qwen1,Qwen-7B,~7-8B base,GSM8K,51.7,"base, 8-shot",2023-08-03,not_stated,https://huggingface.co/Qwen/Qwen-7B,"| **Qwen-7B** | 58.2 | 63.5 | 51.7 | ... (GSM8K 8-shot column)"
qwen_generation,Qwen1.5,Qwen1.5-7B,~7-8B base,MMLU,61.0,"base, 5-shot",2024-01-22,not_stated,https://qwenlm.github.io/blog/qwen1.5/,"Qwen1.5-7B 61.0 74.1 62.5 20.3 36.0 37.4 40.2 73.1 (MMLU column)"
qwen_generation,Qwen1.5,Qwen1.5-7B,~7-8B base,GSM8K,62.5,"base, shots not stated",2024-01-22,not_stated,https://qwenlm.github.io/blog/qwen1.5/,"Qwen1.5-7B 61.0 74.1 62.5 20.3 36.0 37.4 40.2 73.1 (GSM8K column)"
qwen_generation,Qwen2,Qwen2-7B,~7-8B base,MMLU,70.3,"base, 5-shot",2024-06-04,architecture_and_data,https://arxiv.org/abs/2407.10671,"Table 4: ... Qwen1.5-7B Qwen2-7B English MMLU 64.2 64.6 66.6 61.0 70.3"
qwen_generation,Qwen2,Qwen2-7B,~7-8B base,GSM8K,79.9,"base, 5-shot",2024-06-04,architecture_and_data,https://arxiv.org/abs/2407.10671,"Table 4: ... Mathematics GSM8K 52.2 46.4 56.0 62.5 79.9"
qwen_generation,Qwen2.5,Qwen2.5-7B,~7-8B base,MMLU,74.2,"base, 5-shot",2024-09-15,recipe,https://arxiv.org/abs/2412.15115,"Table 4: ... Qwen2-7B Qwen2.5-7B General Tasks MMLU 64.2 66.6 71.3 70.3 74.2"
qwen_generation,Qwen2.5,Qwen2.5-7B,~7-8B base,GSM8K,85.4,"base, 4-shot",2024-09-15,recipe,https://arxiv.org/abs/2412.15115,"Table 4: ... GSM8K 36.2 55.3 70.7 80.2 85.4"
qwen_generation,Qwen3,Qwen3-8B-Base,~7-8B base,MMLU,76.89,"base, 5-shot",2025-04-28,architecture_and_data,https://arxiv.org/abs/2505.09388,"Table 6: ... Qwen3-8B Base ... General Tasks MMLU 66.60 74.16 79.66 76.89"
qwen_generation,Qwen3,Qwen3-8B-Base,~7-8B base,GSM8K,89.84,"base, 4-shot, CoT",2025-04-28,architecture_and_data,https://arxiv.org/abs/2505.09388,"Table 6: ... GSM8K 55.30 85.36 90.22 89.84"
qwen_generation_architecture,Qwen3,Qwen3-32B,~27-32B dense,GPQA-Diamond,68.4,"post-trained, thinking, mean of 10 samples",2025-04-27,architecture_and_data,https://arxiv.org/abs/2505.09388,"Table 13: ... Qwen3-32B ... GPQA-Diamond 65.2 65.6 76.8 68.4"
qwen_generation_architecture,Qwen3.5,Qwen3.5-27B,~27-32B dense,GPQA-Diamond,85.5,"post-trained, thinking (default)",2026-02-24,architecture_and_data,https://huggingface.co/Qwen/Qwen3.5-27B,"GPQA Diamond | 82.8 | 80.1 | 81.1 | 86.6 | 85.5 | 84.2 (Qwen3.5-27B column)"
qwen_generation_architecture,Qwen3.6,Qwen3.6-27B,~27-32B dense,GPQA-Diamond,87.8,"post-trained, thinking (default)",2026-04-21,recipe,https://huggingface.co/Qwen/Qwen3.6-27B,"GPQA Diamond | 85.5 | 88.4 | 84.3 | 87.0 | 86.0 | 87.8 (Qwen3.6-27B column)"
qwen_generation_architecture,Qwen3.8,Qwen3.8-27B,~27-32B dense,GPQA-Diamond,89.2,"post-trained, thinking (default, reasoning_effort xhigh)",2026-08-05,recipe,https://huggingface.co/Qwen/Qwen3.8-27B,"GPQA Diamond | 89.2 | 87.8 | 90.3 | 83.5 | 91.3 (Qwen3.8-27B column)"
